-- MySQL dump 10.13  Distrib 8.0.21, for Linux (x86_64)
--
-- Host: localhost    Database: humanresources
-- ------------------------------------------------------
-- Server version	8.0.21-0ubuntu0.20.04.4

/*!40101 SET @OLD_CHARACTER_SET_CLIENT=@@CHARACTER_SET_CLIENT */;
/*!40101 SET @OLD_CHARACTER_SET_RESULTS=@@CHARACTER_SET_RESULTS */;
/*!40101 SET @OLD_COLLATION_CONNECTION=@@COLLATION_CONNECTION */;
/*!50503 SET NAMES utf8mb4 */;
/*!40103 SET @OLD_TIME_ZONE=@@TIME_ZONE */;
/*!40103 SET TIME_ZONE='+00:00' */;
/*!40014 SET @OLD_UNIQUE_CHECKS=@@UNIQUE_CHECKS, UNIQUE_CHECKS=0 */;
/*!40014 SET @OLD_FOREIGN_KEY_CHECKS=@@FOREIGN_KEY_CHECKS, FOREIGN_KEY_CHECKS=0 */;
/*!40101 SET @OLD_SQL_MODE=@@SQL_MODE, SQL_MODE='NO_AUTO_VALUE_ON_ZERO' */;
/*!40111 SET @OLD_SQL_NOTES=@@SQL_NOTES, SQL_NOTES=0 */;

--
-- Table structure for table `departments`
--

DROP TABLE IF EXISTS `departments`;
/*!40101 SET @saved_cs_client     = @@character_set_client */;
/*!50503 SET character_set_client = utf8mb4 */;
CREATE TABLE `departments` (
  `departmentId` int NOT NULL AUTO_INCREMENT,
  `name` varchar(45) NOT NULL,
  PRIMARY KEY (`departmentId`)
) ENGINE=InnoDB AUTO_INCREMENT=5 DEFAULT CHARSET=utf8;
/*!40101 SET character_set_client = @saved_cs_client */;

--
-- Dumping data for table `departments`
--

LOCK TABLES `departments` WRITE;
/*!40000 ALTER TABLE `departments` DISABLE KEYS */;
INSERT INTO `departments` VALUES (1,'HR'),(2,'Finance'),(3,'Dev');
/*!40000 ALTER TABLE `departments` ENABLE KEYS */;
UNLOCK TABLES;

--
-- Table structure for table `employees`
--

DROP TABLE IF EXISTS `employees`;
/*!40101 SET @saved_cs_client     = @@character_set_client */;
/*!50503 SET character_set_client = utf8mb4 */;
CREATE TABLE `employees` (
  `employeeId` int NOT NULL AUTO_INCREMENT,
  `firstName` varchar(25) DEFAULT NULL,
  `lastName` varchar(45) DEFAULT NULL,
  `dateOfBirth` date DEFAULT NULL,
  `phoneNumber` varchar(45) DEFAULT NULL,
  `email` varchar(45) DEFAULT NULL,
  `salary` int DEFAULT NULL,
  `departmentId` int DEFAULT NULL,
  `managerId` int DEFAULT NULL,
  PRIMARY KEY (`employeeId`),
  KEY `fk_employees_departments` (`departmentId`),
  KEY `fk_employees_employees_idx` (`managerId`),
  CONSTRAINT `fk_employees_departments` FOREIGN KEY (`departmentId`) REFERENCES `departments` (`departmentId`),
  CONSTRAINT `fk_employees_employees` FOREIGN KEY (`managerId`) REFERENCES `employees` (`employeeId`)
) ENGINE=InnoDB AUTO_INCREMENT=7 DEFAULT CHARSET=utf8;
/*!40101 SET character_set_client = @saved_cs_client */;

--
-- Dumping data for table `employees`
--

LOCK TABLES `employees` WRITE;
/*!40000 ALTER TABLE `employees` DISABLE KEYS */;
INSERT INTO `employees` VALUES (1,'John','Johnson','1975-01-01','0-800-800-314','john@johnson.com',1000,1,4),(2,'James','Jameson','1985-02-02','0-800-800-999','james@jameson.com',2000,NULL,4),(3,'Julie','Juliette','1990-01-01','0-800-900-111','julie@juliette.com',5000,2,NULL),(4,'Sofie','Sophia','1987-02-03','0-800-900-222','sofie@sophia.com',1700,1,NULL);
/*!40000 ALTER TABLE `employees` ENABLE KEYS */;
UNLOCK TABLES;

--
-- Table structure for table `employees_projects`
--

DROP TABLE IF EXISTS `employees_projects`;
/*!40101 SET @saved_cs_client     = @@character_set_client */;
/*!50503 SET character_set_client = utf8mb4 */;
CREATE TABLE `employees_projects` (
  `employeeProjectId` int NOT NULL AUTO_INCREMENT,
  `employeeId` int NOT NULL,
  `projectId` int NOT NULL,
  PRIMARY KEY (`employeeProjectId`),
  KEY `fk_employeeProject_employees_idx` (`employeeId`),
  KEY `fk_employeeProject_projects_idx` (`projectId`),
  CONSTRAINT `fk_employeeProject_employees` FOREIGN KEY (`employeeId`) REFERENCES `employees` (`employeeId`),
  CONSTRAINT `fk_employeeProject_projects` FOREIGN KEY (`projectId`) REFERENCES `projects` (`projectId`)
) ENGINE=InnoDB AUTO_INCREMENT=8 DEFAULT CHARSET=utf8;
/*!40101 SET character_set_client = @saved_cs_client */;

--
-- Dumping data for table `employees_projects`
--

LOCK TABLES `employees_projects` WRITE;
/*!40000 ALTER TABLE `employees_projects` DISABLE KEYS */;
INSERT INTO `employees_projects` VALUES (4,1,1),(5,2,1),(6,3,2),(7,4,2);
/*!40000 ALTER TABLE `employees_projects` ENABLE KEYS */;
UNLOCK TABLES;

--
-- Table structure for table `projects`
--

DROP TABLE IF EXISTS `projects`;
/*!40101 SET @saved_cs_client     = @@character_set_client */;
/*!50503 SET character_set_client = utf8mb4 */;
CREATE TABLE `projects` (
  `projectId` int NOT NULL AUTO_INCREMENT,
  `description` varchar(255) DEFAULT NULL,
  PRIMARY KEY (`projectId`)
) ENGINE=InnoDB AUTO_INCREMENT=4 DEFAULT CHARSET=utf8;
/*!40101 SET character_set_client = @saved_cs_client */;

--
-- Dumping data for table `projects`
--

LOCK TABLES `projects` WRITE;
/*!40000 ALTER TABLE `projects` DISABLE KEYS */;
INSERT INTO `projects` VALUES (1,'Python - Cinema Web App'),(2,'Java - Fitness Web App'),(3,'Testing - Human Resources App');
/*!40000 ALTER TABLE `projects` ENABLE KEYS */;
UNLOCK TABLES;

--
-- Table structure for table `user`
--

DROP TABLE IF EXISTS `user`;
/*!40101 SET @saved_cs_client     = @@character_set_client */;
/*!50503 SET character_set_client = utf8mb4 */;
CREATE TABLE `user` (
  `id` int NOT NULL AUTO_INCREMENT,
  `email` varchar(100) NOT NULL,
  `name` varchar(25) NOT NULL,
  `country` varchar(30) NOT NULL,
  `password` varchar(100) NOT NULL DEFAULT 'password',
  PRIMARY KEY (`id`),
  UNIQUE KEY `email` (`email`)
) ENGINE=InnoDB AUTO_INCREMENT=12 DEFAULT CHARSET=utf8mb4 COLLATE=utf8mb4_0900_ai_ci;
/*!40101 SET character_set_client = @saved_cs_client */;

--
-- Dumping data for table `user`
--

LOCK TABLES `user` WRITE;
/*!40000 ALTER TABLE `user` DISABLE KEYS */;
INSERT INTO `user` VALUES (1,'kamil@gmail.com','Kamil','Brasil','secretPassword'),(2,'otherUser@gmail.com','Peter','Canada','unknownPassword');
/*!40000 ALTER TABLE `user` ENABLE KEYS */;
UNLOCK TABLES;
/*!40103 SET TIME_ZONE=@OLD_TIME_ZONE */;

/*!40101 SET SQL_MODE=@OLD_SQL_MODE */;
/*!40014 SET FOREIGN_KEY_CHECKS=@OLD_FOREIGN_KEY_CHECKS */;
/*!40014 SET UNIQUE_CHECKS=@OLD_UNIQUE_CHECKS */;
/*!40101 SET CHARACTER_SET_CLIENT=@OLD_CHARACTER_SET_CLIENT */;
/*!40101 SET CHARACTER_SET_RESULTS=@OLD_CHARACTER_SET_RESULTS */;
/*!40101 SET COLLATION_CONNECTION=@OLD_COLLATION_CONNECTION */;
/*!40111 SET SQL_NOTES=@OLD_SQL_NOTES */;

-- Dump completed on 2020-08-20 23:42:51
