-- MySQL dump 10.13  Distrib 8.0.16, for macos10.14 (x86_64)
--
-- Host: localhost    Database: moviePython
-- ------------------------------------------------------
-- Server version	5.7.16

/*!40101 SET @OLD_CHARACTER_SET_CLIENT=@@CHARACTER_SET_CLIENT */;
/*!40101 SET @OLD_CHARACTER_SET_RESULTS=@@CHARACTER_SET_RESULTS */;
/*!40101 SET @OLD_COLLATION_CONNECTION=@@COLLATION_CONNECTION */;
 SET NAMES utf8 ;
/*!40103 SET @OLD_TIME_ZONE=@@TIME_ZONE */;
/*!40103 SET TIME_ZONE='+00:00' */;
/*!40014 SET @OLD_UNIQUE_CHECKS=@@UNIQUE_CHECKS, UNIQUE_CHECKS=0 */;
/*!40014 SET @OLD_FOREIGN_KEY_CHECKS=@@FOREIGN_KEY_CHECKS, FOREIGN_KEY_CHECKS=0 */;
/*!40101 SET @OLD_SQL_MODE=@@SQL_MODE, SQL_MODE='NO_AUTO_VALUE_ON_ZERO' */;
/*!40111 SET @OLD_SQL_NOTES=@@SQL_NOTES, SQL_NOTES=0 */;

--
-- Table structure for table `clients`
--

DROP TABLE IF EXISTS `clients`;
/*!40101 SET @saved_cs_client     = @@character_set_client */;
 SET character_set_client = utf8mb4 ;
CREATE TABLE `clients` (
  `clientId` int(11) NOT NULL AUTO_INCREMENT,
  `firstName` varchar(45) NOT NULL,
  `lastName` varchar(45) NOT NULL,
  `email` varchar(45) NOT NULL,
  `dateOfBirth` date NOT NULL,
  PRIMARY KEY (`clientId`)
) ENGINE=InnoDB AUTO_INCREMENT=4 DEFAULT CHARSET=utf8;
/*!40101 SET character_set_client = @saved_cs_client */;

--
-- Dumping data for table `clients`
--

LOCK TABLES `clients` WRITE;
/*!40000 ALTER TABLE `clients` DISABLE KEYS */;
INSERT INTO `clients` VALUES (1,'John','Johnson','john@johnson.com','1980-01-01'),(2,'Jim','Jameson','jim@jameson.com','1990-02-02'),(3,'Sofia','Sophie','sofia@sophie','2000-01-01');
/*!40000 ALTER TABLE `clients` ENABLE KEYS */;
UNLOCK TABLES;

--
-- Table structure for table `movies`
--

DROP TABLE IF EXISTS `movies`;
/*!40101 SET @saved_cs_client     = @@character_set_client */;
 SET character_set_client = utf8mb4 ;
CREATE TABLE `movies` (
  `movieId` int(11) NOT NULL AUTO_INCREMENT,
  `name` varchar(45) NOT NULL,
  `category` varchar(45) NOT NULL,
  `durationInMinutes` int(11) NOT NULL,
  `description` varchar(255) NOT NULL,
  PRIMARY KEY (`movieId`)
) ENGINE=InnoDB AUTO_INCREMENT=5 DEFAULT CHARSET=utf8;
/*!40101 SET character_set_client = @saved_cs_client */;

--
-- Dumping data for table `movies`
--

LOCK TABLES `movies` WRITE;
/*!40000 ALTER TABLE `movies` DISABLE KEYS */;
INSERT INTO `movies` VALUES (1,'Men in Black: International','Action',114,'The Men in Black have always protected the Earth from the scum of the universe. In this new adventure, they tackle their biggest threat to date: a mole in the Men in Black organization.'),(2,'Joker','Crime, Drama, Thriller ',122,'In Gotham City, mentally troubled comedian Arthur Fleck is disregarded and mistreated by society. He then embarks on a downward spiral of revolution and bloody crime. This path brings him face-to-face with his alter-ego: the Joker.'),(3,'Frozen II','Animation, Adventure, Comedy ',103,'Anna, Elsa, Kristoff, Olaf and Sven leave Arendelle to travel to an ancient, autumn-bound forest of an enchanted land. They set out to find the origin of Elsa\'s powers in order to save their kingdom.'),(4,'Parasite','Comedy, Crime, Drama',132,'A poor family, the Kims, con their way into becoming the servants of a rich family, the Parks. But their easy life gets complicated when their deception is threatened with exposure.');
/*!40000 ALTER TABLE `movies` ENABLE KEYS */;
UNLOCK TABLES;

--
-- Table structure for table `reservation_seat`
--

DROP TABLE IF EXISTS `reservation_seat`;
/*!40101 SET @saved_cs_client     = @@character_set_client */;
 SET character_set_client = utf8mb4 ;
CREATE TABLE `reservation_seat` (
  `reservationSeatId` int(11) NOT NULL AUTO_INCREMENT,
  `reservationId` int(11) NOT NULL,
  `seatId` int(11) NOT NULL,
  PRIMARY KEY (`reservationSeatId`),
  KEY `fk_reseseat_reservation_idx` (`reservationId`),
  KEY `fk_reseseat_seat_idx` (`seatId`),
  CONSTRAINT `fk_reseseat_reservation` FOREIGN KEY (`reservationId`) REFERENCES `reservations` (`reservationId`) ON DELETE NO ACTION ON UPDATE NO ACTION,
  CONSTRAINT `fk_reseseat_seat` FOREIGN KEY (`seatId`) REFERENCES `seats` (`seatId`) ON DELETE NO ACTION ON UPDATE NO ACTION
) ENGINE=InnoDB AUTO_INCREMENT=3 DEFAULT CHARSET=utf8;
/*!40101 SET character_set_client = @saved_cs_client */;

--
-- Dumping data for table `reservation_seat`
--

LOCK TABLES `reservation_seat` WRITE;
/*!40000 ALTER TABLE `reservation_seat` DISABLE KEYS */;
INSERT INTO `reservation_seat` VALUES (1,1,1),(2,1,2);
/*!40000 ALTER TABLE `reservation_seat` ENABLE KEYS */;
UNLOCK TABLES;

--
-- Table structure for table `reservations`
--

DROP TABLE IF EXISTS `reservations`;
/*!40101 SET @saved_cs_client     = @@character_set_client */;
 SET character_set_client = utf8mb4 ;
CREATE TABLE `reservations` (
  `reservationId` int(11) NOT NULL AUTO_INCREMENT,
  `isPaid` int(11) NOT NULL,
  `clientId` int(11) NOT NULL,
  `scheduleId` int(11) NOT NULL,
  PRIMARY KEY (`reservationId`),
  KEY `fk_reservation_client_idx` (`clientId`),
  KEY `fk_reservation_schedule_idx` (`scheduleId`),
  CONSTRAINT `fk_reservation_client` FOREIGN KEY (`clientId`) REFERENCES `clients` (`clientId`) ON DELETE NO ACTION ON UPDATE NO ACTION,
  CONSTRAINT `fk_reservation_schedule` FOREIGN KEY (`scheduleId`) REFERENCES `schedules` (`scheduleId`) ON DELETE NO ACTION ON UPDATE NO ACTION
) ENGINE=InnoDB AUTO_INCREMENT=2 DEFAULT CHARSET=utf8;
/*!40101 SET character_set_client = @saved_cs_client */;

--
-- Dumping data for table `reservations`
--

LOCK TABLES `reservations` WRITE;
/*!40000 ALTER TABLE `reservations` DISABLE KEYS */;
INSERT INTO `reservations` VALUES (1,0,1,1), (2,0,2,2);
/*!40000 ALTER TABLE `reservations` ENABLE KEYS */;
UNLOCK TABLES;

--
-- Table structure for table `rooms`
--

DROP TABLE IF EXISTS `rooms`;
/*!40101 SET @saved_cs_client     = @@character_set_client */;
 SET character_set_client = utf8mb4 ;
CREATE TABLE `rooms` (
  `roomId` int(11) NOT NULL AUTO_INCREMENT,
  `number` int(11) NOT NULL,
  `maxSeats` int(11) NOT NULL,
  `location` varchar(45) DEFAULT NULL,
  PRIMARY KEY (`roomId`)
) ENGINE=InnoDB AUTO_INCREMENT=6 DEFAULT CHARSET=utf8;
/*!40101 SET character_set_client = @saved_cs_client */;

--
-- Dumping data for table `rooms`
--

LOCK TABLES `rooms` WRITE;
/*!40000 ALTER TABLE `rooms` DISABLE KEYS */;
INSERT INTO `rooms` VALUES (1,1,180,'Ground Floor'),(2,2,120,'Ground Floor'),(3,3,180,'Ground Floor'),(4,4,220,'First Floor'),(5,5,230,'First Floor');
/*!40000 ALTER TABLE `rooms` ENABLE KEYS */;
UNLOCK TABLES;

--
-- Table structure for table `schedules`
--

DROP TABLE IF EXISTS `schedules`;
/*!40101 SET @saved_cs_client     = @@character_set_client */;
 SET character_set_client = utf8mb4 ;
CREATE TABLE `schedules` (
  `scheduleId` int(11) NOT NULL AUTO_INCREMENT,
  `startTime` datetime NOT NULL,
  `movieId` int(11) NOT NULL,
  `roomId` int(11) NOT NULL,
  PRIMARY KEY (`scheduleId`),
  KEY `fk_schedule_movie_idx` (`movieId`),
  KEY `fk_schdule_room_idx` (`roomId`),
  CONSTRAINT `fk_schdule_room` FOREIGN KEY (`roomId`) REFERENCES `rooms` (`roomId`) ON DELETE NO ACTION ON UPDATE NO ACTION,
  CONSTRAINT `fk_schedule_movie` FOREIGN KEY (`movieId`) REFERENCES `movies` (`movieId`) ON DELETE NO ACTION ON UPDATE NO ACTION
) ENGINE=InnoDB AUTO_INCREMENT=5 DEFAULT CHARSET=utf8;
/*!40101 SET character_set_client = @saved_cs_client */;

--
-- Dumping data for table `schedules`
--

LOCK TABLES `schedules` WRITE;
/*!40000 ALTER TABLE `schedules` DISABLE KEYS */;
INSERT INTO `schedules` VALUES (1,'2020-01-01 20:00:00',1,1),(2,'2020-01-01 20:00:00',2,2),(3,'2020-01-01 23:00:00',3,1),(4,'2020-01-02 18:00:00',2,1),(5,'2020-01-05 15:00:00',3,1),(6,'2020-01-06 16:00:00',3,1);
/*!40000 ALTER TABLE `schedules` ENABLE KEYS */;
UNLOCK TABLES;

--
-- Table structure for table `seats`
--

DROP TABLE IF EXISTS `seats`;
/*!40101 SET @saved_cs_client     = @@character_set_client */;
 SET character_set_client = utf8mb4 ;
CREATE TABLE `seats` (
  `seatId` int(11) NOT NULL AUTO_INCREMENT,
  `row` int(11) NOT NULL,
  `number` int(11) NOT NULL,
  `roomId` int(11) NOT NULL,
  PRIMARY KEY (`seatId`),
  KEY `fk_seat_room_idx` (`roomId`),
  CONSTRAINT `fk_seat_room` FOREIGN KEY (`roomId`) REFERENCES `rooms` (`roomId`) ON DELETE NO ACTION ON UPDATE NO ACTION
) ENGINE=InnoDB AUTO_INCREMENT=18 DEFAULT CHARSET=utf8;
/*!40101 SET character_set_client = @saved_cs_client */;

--
-- Dumping data for table `seats`
--

LOCK TABLES `seats` WRITE;
/*!40000 ALTER TABLE `seats` DISABLE KEYS */;
INSERT INTO `seats` VALUES (1,1,1,1),(2,1,2,1),(3,1,3,1),(4,2,1,1),(5,2,2,1),(6,2,3,1),(12,1,1,2),(13,1,2,2),(14,1,3,2),(15,2,1,2),(16,2,2,2),(17,2,3,2);
/*!40000 ALTER TABLE `seats` ENABLE KEYS */;
UNLOCK TABLES;

--
-- Table structure for table `ticketCategories`
--

DROP TABLE IF EXISTS `ticketCategories`;
/*!40101 SET @saved_cs_client     = @@character_set_client */;
 SET character_set_client = utf8mb4 ;
CREATE TABLE `ticketCategories` (
  `ticketCategoryId` int(11) NOT NULL AUTO_INCREMENT,
  `type` varchar(45) NOT NULL,
  `price` int(11) NOT NULL,
  PRIMARY KEY (`ticketCategoryId`)
) ENGINE=InnoDB AUTO_INCREMENT=4 DEFAULT CHARSET=utf8;
/*!40101 SET character_set_client = @saved_cs_client */;

--
-- Dumping data for table `ticketCategories`
--

LOCK TABLES `ticketCategories` WRITE;
/*!40000 ALTER TABLE `ticketCategories` DISABLE KEYS */;
INSERT INTO `ticketCategories` VALUES (1,'ADULT',100),(2,'CHILDREN',80),(3,'ELDERLY',50);
/*!40000 ALTER TABLE `ticketCategories` ENABLE KEYS */;
UNLOCK TABLES;

--
-- Table structure for table `tickets`
--

DROP TABLE IF EXISTS `tickets`;
/*!40101 SET @saved_cs_client     = @@character_set_client */;
 SET character_set_client = utf8mb4 ;
CREATE TABLE `tickets` (
  `ticketId` int(11) NOT NULL AUTO_INCREMENT,
  `scheduleId` int(11) NOT NULL,
  `seatId` int(11) NOT NULL,
  `categoryId` int(11) NOT NULL,
  PRIMARY KEY (`ticketId`),
  KEY `fk_ticket_schedule_idx` (`scheduleId`),
  KEY `fk_ticket_seat_idx` (`seatId`),
  KEY `fk_ticket_category_idx` (`categoryId`),
  CONSTRAINT `fk_ticket_category` FOREIGN KEY (`categoryId`) REFERENCES `ticketCategories` (`ticketCategoryId`) ON DELETE NO ACTION ON UPDATE NO ACTION,
  CONSTRAINT `fk_ticket_schedule` FOREIGN KEY (`scheduleId`) REFERENCES `schedule` (`scheduleId`) ON DELETE NO ACTION ON UPDATE NO ACTION,
  CONSTRAINT `fk_ticket_seat` FOREIGN KEY (`seatId`) REFERENCES `seats` (`seatId`) ON DELETE NO ACTION ON UPDATE NO ACTION
) ENGINE=InnoDB AUTO_INCREMENT=3 DEFAULT CHARSET=utf8;
/*!40101 SET character_set_client = @saved_cs_client */;

--
-- Dumping data for table `tickets`
--

LOCK TABLES `tickets` WRITE;
/*!40000 ALTER TABLE `tickets` DISABLE KEYS */;
INSERT INTO `tickets` VALUES (1,2,1,1),(2,2,3,2),(3,1,4,2),(4,1,2,2),(5,3,1,1),(6,2,5,2),(7,2,6,2);
/*!40000 ALTER TABLE `tickets` ENABLE KEYS */;
UNLOCK TABLES;
/*!40103 SET TIME_ZONE=@OLD_TIME_ZONE */;

/*!40101 SET SQL_MODE=@OLD_SQL_MODE */;
/*!40014 SET FOREIGN_KEY_CHECKS=@OLD_FOREIGN_KEY_CHECKS */;
/*!40014 SET UNIQUE_CHECKS=@OLD_UNIQUE_CHECKS */;
/*!40101 SET CHARACTER_SET_CLIENT=@OLD_CHARACTER_SET_CLIENT */;
/*!40101 SET CHARACTER_SET_RESULTS=@OLD_CHARACTER_SET_RESULTS */;
/*!40101 SET COLLATION_CONNECTION=@OLD_COLLATION_CONNECTION */;
/*!40111 SET SQL_NOTES=@OLD_SQL_NOTES */;

-- Dump completed on 2020-02-11 10:44:48
